creation_year,closed_tickets,total_owner_transfers,avg_owner_transfers_per_ticket
2024,2188415,1061626,0.4851118275098644
2025,2540246,1152793,0.45381155998277334
