component,per_ticket_effect_hours,prevalence_rate,population_contribution_hours,per_ticket_effect_days,population_contribution_days
Baseline (no owner change / no desk transfer / no reopen),0.9526802738486092,1.0,0.9526802738486092,0.039695011410358715,0.039695011410358715
Owner-change tax,27.501461225522185,0.24334800158599126,6.69242562992545,1.145894217730091,0.2788510679135604
Desk-transfer tax,370.98362370738243,0.0011928734391960843,0.4425365110972513,15.457650987807602,0.018439021295718803
Reopen tax,175.05069286259888,0.00073553595455225,0.1287560784697244,7.293778869274953,0.005364836602905183
Modeled median projection (capped),8.216398493341035,1.0,8.216398493341035,0.34234993722254314,0.34234993722254314
