creation_year,closed_tickets,reopened_tickets,reopen_rate_pct
2024,2186555,1808,0.082687149419978
2025,2008415,1210,0.06024651279740492
